<mvc:View xmlns:core="sap.ui.core" xmlns:mvc="sap.ui.core.mvc" xmlns="sap.m" xmlns:macros="sap.fe.macros" xmlns:html="http://www.w3.org/1999/xhtml" controllerName="ordermodule.ext.main.Main">
    <Page id="Main" title="Main">

        <Panel id="panel">
            <headerToolbar>
                <OverflowToolbar id="overtoolb">
                    <CheckBox id="checkb1"
                        text="{i18n>toggleEditMode}"
                        selected="{ui>/isEditable}"
                        select=".onSelectEdit"
                    />
                    <CheckBox id="checkb2"
                        text="{i18n>toggleTableBusy}"
                        selected="{ui>/isBusy}"
                        select=".onSelectBusy"
                    />
                </OverflowToolbar>
            </headerToolbar>
        </Panel>

        <content>
        <macros:FilterBar id="ordersfilterbar" metaPath="@com.sap.vocabularies.UI.v1.SelectionFields"/>
           
        <macros:Table id="OrderTable" 
                      
                      metaPath="@com.sap.vocabularies.UI.v1.LineItem" 
                       enableExport="true" enableFullScreen="true" enablePaste="false" filterBar="ordersfilterbar" header="Order Management" headerVisible="true" isSearchable="true"  selectionMode="Multi" type="Responsive" />
            
        </content>
    </Page>
</mvc:View>